{
            "if": {
                "allOf": [
                    {
                        "field": "type",
                        "equals": "Microsoft.Network/publicIPAddresses"
                    },
                    {
                        "field": "Microsoft.Network/publicIPAddresses/ipConfiguration",
                        "exists": false
                    }
                ]
            },
            "then": {
                "effect": "audit"
            }
        }
